"age","self_efficacy","study_hours","program","study_per_day","program_name","efficacy_level"
25,40,8,1,1.14285714285714,"Pedagogy","higher"
17,31,18,2,2.57142857142857,"Psychology","lower"
22,24,6,1,0.857142857142857,"Pedagogy","lower"
20,31,14,3,2,"Sociology","lower"
21,35,13,1,1.85714285714286,"Pedagogy","higher"
18,30,16,2,2.28571428571429,"Psychology","lower"
24,38,7,2,1,"Psychology","higher"
19,34,2,3,0.285714285714286,"Sociology","higher"
17,33,14,3,2,"Sociology","higher"
22,40,12,1,1.71428571428571,"Pedagogy","higher"
18,42,11,1,1.57142857142857,"Pedagogy","higher"
18,43,16,3,2.28571428571429,"Sociology","higher"
21,44,7,3,1,"Sociology","higher"
24,41,16,2,2.28571428571429,"Psychology","higher"
21,27,6,2,0.857142857142857,"Psychology","lower"
19,36,6,2,0.857142857142857,"Psychology","higher"
19,29,14,2,2,"Psychology","lower"
19,30,17,1,2.42857142857143,"Pedagogy","lower"
20,30,17,1,2.42857142857143,"Pedagogy","lower"
24,30,4,3,0.571428571428571,"Sociology","lower"
18,38,14,1,2,"Pedagogy","higher"
18,24,8,3,1.14285714285714,"Sociology","lower"
25,27,12,3,1.71428571428571,"Sociology","lower"
21,34,13,1,1.85714285714286,"Pedagogy","higher"
25,33,8,2,1.14285714285714,"Psychology","higher"
18,39,17,3,2.42857142857143,"Sociology","higher"
25,29,18,3,2.57142857142857,"Sociology","lower"
23,22,15,3,2.14285714285714,"Sociology","lower"
18,26,22,1,3.14285714285714,"Pedagogy","lower"
21,37,14,2,2,"Psychology","higher"
